<?xml version="1.0" encoding="UTF-8" standalone="no"?>
<Problem xmlns="http://www.ncc.up.pt/mooshak/" Color="#000000" Description="D.html" Difficulty="easy" Editor_kind="CODE" Environment="" Name="y - z" Original_location="https://fgpe-project.usz.edu.pl/authorkit/ui/exercises/f209a2a5-a577-4f56-9152-4fcd2480a2d6" PDF="" Program="" Start="" Stop="" Timeout="" Title="z" Type="blank_sheet" Fatal="" Warning="">
  <Tests xml:id="tests" Definition="" Fatal="" Warning="">
    <Test xml:id="tests.S1T1" Feedback="" Points="2" Result="" Show="Yes" SolutionErrors="" Timeout="1" args="--timeout 1" context="" input="teste2in.txt" output="teste2out.txt" Fatal="" Warning=""/>
    <Test xml:id="tests.S1T2" Feedback="" Points="6" Result="" Show="No" SolutionErrors="" Timeout="1" args="--timeout 1" context="" input="teste1in.txt" output="teste1out.txt" Fatal="" Warning=""/>
    <Test xml:id="tests.T1" Feedback="" Points="3" Result="" Show="No" SolutionErrors="" Timeout="1" args="--timeout 1" context="" input="teste3in.txt" output="teste3out.txt" Fatal="" Warning=""/>
  </Tests>
  <Solutions xml:id="solutions" Fatal="" Warning="">
    <Solutions Solution="apt_Telepatia.c" xml:id="solutions.S1"/>
    <Solutions Solution="MainTelepatia.java" xml:id="solutions.S2"/>
  </Solutions>
  <Skeletons Show="yes" xml:id="skeletons">
    <Skeletons Skeleton="MainTelepatia.java" Show="yes" Extension="java" xml:id="skeletons.SK1"/>
    <Skeletons Skeleton="apt_Telepatia.c" Show="yes" Extension="c" xml:id="skeletons.SK2"/>
  </Skeletons>
  <Images Fatal="" Warning="" xml:id="images"/>
</Problem>